date,category,value
2025-01-15,nord,125.5
2025-01-15,sud,100.5
2025-01-15,est,75.5
2025-02-15,nord,131.0
2025-02-15,sud,106.0
2025-02-15,est,81.0
2025-03-15,nord,136.5
2025-03-15,sud,111.5
2025-03-15,est,86.5
2025-04-15,nord,134.0
2025-04-15,sud,109.0
2025-04-15,est,84.0
2025-05-15,nord,139.5
2025-05-15,sud,114.5
2025-05-15,est,89.5
2025-06-15,nord,145.0
2025-06-15,sud,120.0
2025-06-15,est,95.0
2025-07-15,nord,150.5
2025-07-15,sud,125.5
2025-07-15,est,100.5
2025-08-15,nord,148.0
2025-08-15,sud,123.0
2025-08-15,est,98.0
2025-09-15,nord,153.5
2025-09-15,sud,128.5
2025-09-15,est,103.5
2025-10-15,nord,159.0
2025-10-15,sud,134.0
2025-10-15,est,109.0
2025-11-15,nord,164.5
2025-11-15,sud,139.5
2025-11-15,est,114.5
2025-12-15,nord,162.0
2025-12-15,sud,137.0
2025-12-15,est,112.0
